basin_id,NSE_training,BETA,FC,K0,K1,K2,LP,PERC,UZL,TT,CFMAX,CFR,CWH,alpha,beta,NSE_testing
testde_2,0.687,1.3149331,364.129,0.43933603,0.18915108,0.036731258,0.83189106,2.9158282,6.187245,0.9181313,3.4100196,0.0037500001,0.12678573,0.36769712,0.89555776,0.666
