basin_id,NSE_training,BETA,FC,K0,K1,K2,LP,PERC,UZL,TT,CFMAX,CFR,CWH,alpha,beta,NSE_testing
testde_5,0.737,3.161201,387.25143,0.8519696,0.40837058,0.0013761097,0.48660657,1.2615119,80.77096,-1.4877974,0.8357682,0.055819485,0.020491023,0.87202334,4.9878635,0.644
