basin_id,NSE_training,BETA,FC,K0,K1,K2,LP,PERC,UZL,TT,CFMAX,CFR,CWH,alpha,beta,NSE_testing
testde_3,0.86,1.5837069,234.30035,0.42785603,0.1541948,0.028707555,0.3929373,3.2535253,6.3577704,-0.59550095,1.1973774,0.08648479,0.100349985,0.007554827,5.2399144,0.462
