basin_id,NSE_training,BETA,FC,K0,K1,K2,LP,PERC,UZL,TT,CFMAX,CFR,CWH,alpha,beta,NSE_testing
testde_3,0.86,1.3435804,234.45602,0.5809593,0.27335936,0.03018874,0.31430143,2.9036832,16.857992,-0.792124,0.7737796,0.017948769,0.13969849,1.1443721,0.8244436,0.396
