basin_id,NSE_training,BETA,FC,K0,K1,K2,LP,PERC,UZL,TT,CFMAX,CFR,CWH,alpha,beta,NSE_testing
testde_3,0.798,2.5179796,665.98517,0.85838133,0.40473077,0.055801205,0.6203507,2.8249638,5.7035656,-1.2722132,0.60544974,0.012964615,0.08355088,1.3245401,0.40799502,0.637
