basin_id,NSE_training,BETA,FC,K0,K1,K2,LP,PERC,UZL,TT,CFMAX,CFR,CWH,alpha,beta,NSE_testing
testde_4,0.843,2.978468,313.60193,0.88155574,0.4990399,0.0018016631,0.47665635,1.3356847,42.109745,-2.025833,2.014199,0.0045972127,0.13298912,1.6036541,3.2501101,0.83
