basin_id,NSE_training,BETA,FC,K0,K1,K2,LP,PERC,UZL,TT,CFMAX,CFR,CWH,alpha,beta,NSE_testing
testde_3,0.756,1.0652149,538.6393,0.6935684,0.39117882,0.048552703,0.20900364,4.55549,61.09749,0.6875733,8.791999,0.095657416,0.079959236,2.59193,0.53840727,0.618
