basin_id,NSE_training,BETA,FC,K0,K1,K2,LP,PERC,UZL,TT,CFMAX,CFR,CWH,alpha,beta,NSE_testing
testde_2,0.773,1.8258513,508.72345,0.2702223,0.40112513,0.045403026,0.9814745,3.3983843,3.887684,-0.41151488,1.9527901,0.00849602,0.102809,2.5134063,0.5613967,0.801
