basin_id,NSE_training,BETA,FC,K0,K1,K2,LP,PERC,UZL,TT,CFMAX,CFR,CWH,alpha,beta,NSE_testing
testde_3,0.837,4.8764653,651.85034,0.8426461,0.38821003,0.04460487,0.89631027,4.2664824,11.767695,-0.50328314,1.6460127,0.09890529,0.09515148,2.056386,0.6751724,0.551
