basin_id,NSE_training,BETA,FC,K0,K1,K2,LP,PERC,UZL,TT,CFMAX,CFR,CWH,alpha,beta,NSE_testing
testde_5,0.672,3.6738784,302.17157,0.57601845,0.34375757,0.0011047015,0.21950728,2.034032,29.43139,-1.2753694,0.88631225,0.022320202,0.059174918,1.1732664,4.294829,0.637
