basin_id,NSE_training,BETA,FC,K0,K1,K2,LP,PERC,UZL,TT,CFMAX,CFR,CWH,alpha,beta,NSE_testing
testde_3,0.783,2.0902908,700.64856,0.47031137,0.4785076,0.049531586,0.604041,2.6942985,3.011656,-1.2820396,1.0092455,0.03410315,0.09138958,2.4687006,0.36676297,0.527
