basin_id,NSE_training,BETA,FC,K0,K1,K2,LP,PERC,UZL,TT,CFMAX,CFR,CWH,alpha,beta,NSE_testing
testde_3,0.834,3.8902686,682.41315,0.84470516,0.4808114,0.03175229,0.7768561,2.4540977,8.77226,-1.3632272,0.5596127,0.005349507,0.034858845,0.1749954,2.024844,0.406
