basin_id,NSE_training,BETA,FC,K0,K1,K2,LP,PERC,UZL,TT,CFMAX,CFR,CWH,alpha,beta,NSE_testing
testde_3,0.771,1.5207459,594.20184,0.8496784,0.4665744,0.038150355,0.9941482,2.1126704,2.8269484,-1.040248,1.5776944,0.009607917,0.01793673,0.3475935,2.3101146,
