basin_id,NSE_training,BETA,FC,K0,K1,K2,LP,PERC,UZL,TT,CFMAX,CFR,CWH,alpha,beta,NSE_testing
testde_3,0.812,2.6882951,455.03848,0.23664539,0.3064557,0.04368929,0.72968465,3.441266,93.78612,0.9054715,9.422825,0.069103174,0.04557938,2.8844013,0.43121865,0.698
