gauge_id,p_mean,pet_mean,aridity,frac_snow,moisture_index,seasonality,high_prec_freq,high_prec_dur,low_prec_freq,low_prec_dur
testde_1,2.3919650924024642,4.033228610540726,1.6861569691595264,0.0,-0.19786249761526553,1.3389017501952103,0.03655030800821355,1.141025641025641,0.5748117727583847,3.6104901117798796
testde_2,2.514424366872005,3.767065708418891,1.498182151768278,0.0,-0.12011052618697292,1.400686084089509,0.03668720054757016,1.1754385964912282,0.5698151950718686,3.621139625924315
