basin_id,NSE_training,BETA,FC,K0,K1,K2,LP,PERC,UZL,TT,CFMAX,CFR,CWH,alpha,beta,NSE_testing
testde_3,0.753,1.2194372,471.07404,0.5575269,0.30384615,0.03882992,0.27334067,2.3862991,4.497906,0.7887228,6.932798,0.0061749895,0.01013204,0.38243237,6.3169436,0.461
