basin_id,NSE_training,BETA,FC,K0,K1,K2,LP,PERC,UZL,TT,CFMAX,CFR,CWH,alpha,beta,NSE_testing
testde_3,0.752,1.5978807,583.94244,0.6699166,0.30156866,0.04894908,0.41715783,1.8482333,4.534915,0.8258585,6.31847,0.09845057,0.006855534,0.34181896,5.953036,0.57
