basin_id,NSE_training,BETA,FC,K0,K1,K2,LP,PERC,UZL,TT,CFMAX,CFR,CWH,alpha,beta,NSE_testing
testde_3,0.823,5.6221366,746.8935,0.6744013,0.12911361,0.016376043,0.9009842,1.2986481,23.459042,-0.7498193,1.3325249,0.031207116,0.06583278,0.27081615,1.1472118,0.549
