basin_id,NSE_training,BETA,FC,K0,K1,K2,LP,PERC,UZL,TT,CFMAX,CFR,CWH,alpha,beta,NSE_testing
camelsgb_4001,0.52,1.0145777,70.92841,0.5328643,0.2612929,0.0988121,0.9604994,7.452992,15.552804,-0.43459302,2.1837277,0.07741669,0.0015722509,0.6101102,0.5456757,0.456
